simulated_time,server_utilization,avg_queue_length,avg_system_length,throughput,mean_wait_A,mean_wait_B,mean_wait_total,mean_sojourn_A,mean_sojourn_B,mean_sojourn_total,p95_wait_total,drop_rate_total,drop_rate_A,drop_rate_B,promoted_fraction_A,completed_A,completed_B,cenario,grupo,rep_id
33255.05862972924,0.7488762148415339,2.24100821006942,2.989884424910994,0.7517653262427446,2.994271747828098,2.9548121329756523,2.9809943766225544,3.9953843275961867,3.941196697618031,3.9771512738611525,10.691117367716515,0.0,0.0,0.0,0.0,16588,8412,fifo_mm1,disciplinas,0
33410.555922167994,0.7471865020794919,2.4183603127547957,3.1655468148343067,0.7482665076941276,3.2253753175434183,3.244918020257731,3.231888509504051,4.222282099737643,4.2467752173776585,4.230445165984704,12.350431917702736,0.0,0.0,0.0,0.0,16668,8332,fifo_mm1,disciplinas,1
33510.833070412074,0.7373893070856715,2.200143604612972,2.937532911698637,0.7460274099265352,2.9343976841206296,2.9782297994782865,2.9490691697731566,3.924298318120123,3.963710515656037,3.9374903688793355,11.258998951992908,0.0,0.0,0.0,0.0,16632,8368,fifo_mm1,disciplinas,2
33319.94479590134,0.7605321757903363,2.465712662005536,3.226244837795856,0.7503013631365688,3.2968800078931966,3.265693018648665,3.2862963912231695,4.311080897593446,4.278228169350128,4.299931995736801,12.554893692420592,0.0,0.0,0.0,0.0,16516,8484,fifo_mm1,disciplinas,3
33082.199264603594,0.7608541986228928,2.375370003283228,3.136224201906121,0.7556934108292138,3.149205556695194,3.1297784728246127,3.1428257023520914,4.1527613746608925,4.143301983970652,4.149654910758222,10.967840276764036,0.0,0.0,0.0,0.0,16790,8210,fifo_mm1,disciplinas,4
33583.86708704312,0.7448768395024361,2.1663804118850716,2.911257251387553,0.7444050423140569,2.923709302856591,2.883492209892171,2.9102172725088917,3.9211924760707837,3.890366755910896,3.9108510634715254,10.405516843891746,0.0,0.0,0.0,0.0,16613,8387,fifo_mm1,disciplinas,5
33669.48336414395,0.7432404594666931,2.1378801562932845,2.8811206157599587,0.7425121356814033,2.8682214586994266,2.8995664278595243,2.8786844094050776,3.8721993355936943,3.894565918081016,3.879665300827971,10.568262554551438,0.0,0.0,0.0,0.0,16655,8345,fifo_mm1,disciplinas,6
33255.05862972924,0.7488762148415339,2.24100821006942,2.989884424910994,0.7517653262427446,3.9874878022059894,0.9962448588410339,2.980994376622557,4.983141583521578,1.993393872928241,3.977151273861137,12.427349965208123,0.0,0.0,0.0,0.0,16588,8412,prioridade_estrita,disciplinas,0
33410.555922167994,0.7471865020794919,2.4183603127547957,3.1655468148343067,0.7482665076941276,4.313980693731998,1.0671846536817413,3.2318885095040475,5.307837410817739,2.0751434452841195,4.230445165984683,14.038184818655282,0.0,0.0,0.0,0.0,16668,8332,prioridade_estrita,disciplinas,1
33510.833070412074,0.7373893070856715,2.200143604612972,2.937532911698637,0.7460274099265352,3.93442649889078,0.9906008263357257,2.949069169773144,4.922158078008954,1.9803926946149772,3.9374903688793337,12.969029948861134,0.0,0.0,0.0,0.0,16632,8368,prioridade_estrita,disciplinas,2
33319.94479590134,0.7605321757903363,2.465712662005536,3.226244837795856,0.7503013631365688,4.45604277175759,1.0091239229409497,3.286296391223181,5.470167927109324,2.0218065074590115,4.2999319957368085,14.336274625637088,0.0,0.0,0.0,0.0,16516,8484,prioridade_estrita,disciplinas,3
33082.199264603594,0.7608541986228928,2.375370003283228,3.136224201906121,0.7556934108292138,4.185312797837732,1.0111964250041614,3.1428060163442804,5.1948019410661965,2.012586874948142,4.149635224750381,12.936021094101307,0.0,0.0,0.0,0.0,16789,8211,prioridade_estrita,disciplinas,4
33583.86708704312,0.7448768395024361,2.1663804118850716,2.911257251387553,0.7444050423140569,3.877949954672157,0.9933288679806672,2.910217272508893,4.878201446365701,1.994719918721248,3.9108510634715326,12.512292581381189,0.0,0.0,0.0,0.0,16613,8387,prioridade_estrita,disciplinas,5
33669.48336414395,0.7432404594666931,2.1378801562932845,2.8811206157599587,0.7425121356814033,3.8194289067886085,1.0014135062860294,2.8786626454848574,4.8262436781601075,1.990753199929776,3.8796435369076776,12.51208641528072,0.0,0.0,0.0,0.0,16654,8346,prioridade_estrita,disciplinas,6
33255.05862972924,0.7488762148415339,2.24100821006942,2.989884424910994,0.7517653262427446,3.420588896757741,2.114138230640326,2.9809943766225593,4.415282626221136,3.1131804140243093,3.9771512738611716,10.936158064367191,0.0,0.0,0.0,0.4862551241861587,16588,8412,prioridade_dinamica,disciplinas,0
33410.555922167994,0.7471865020794919,2.4183603127547957,3.1655468148343067,0.7482665076941276,3.644860235304989,2.405746799752474,3.2318885095040475,4.637869247173468,3.4154014087530395,4.230445165984683,12.549458710040213,0.0,0.0,0.0,0.4860519527266183,16668,8332,prioridade_dinamica,disciplinas,1
33510.833070412074,0.7373893070856715,2.200143604612972,2.937532911698637,0.7460274099265352,3.33496329920252,2.1820769182591317,2.9490691697731592,4.327388608599633,3.1625396610604772,3.937490368879343,11.534684065016336,0.0,0.0,0.0,0.46449828653880837,16632,8368,prioridade_dinamica,disciplinas,2
33319.94479590134,0.7605321757903363,2.465712662005536,3.226244837795856,0.7503013631365688,3.7593602888733026,2.365371905887291,3.286296391223158,4.77122028985573,3.3824641190667983,4.299931995736805,12.82290797132464,0.0,0.0,0.0,0.5099903124243158,16516,8484,prioridade_dinamica,disciplinas,3
33082.199264603594,0.7608541986228928,2.375370003283228,3.136224201906121,0.7556934108292138,3.5643832255728025,2.280808724207169,3.142806016344264,4.5679224272871055,3.2943649965943838,4.14963522475041,11.351729032019648,0.0,0.0,0.0,0.5029180562172463,16789,8211,prioridade_dinamica,disciplinas,4
33583.86708704312,0.7448768395024361,2.1663804118850716,2.911257251387553,0.7444050423140569,3.3535142081095235,2.03213309567175,2.910217272508901,4.353949486061815,3.0331601019248295,3.9108510634715405,10.789986818359466,0.0,0.0,0.0,0.48564377294889544,16613,8387,prioridade_dinamica,disciplinas,5
33669.48336414395,0.7432404594666931,2.1378801562932845,2.8811206157599587,0.7425121356814033,3.2752894217787083,2.087214966069716,2.8786626454848214,4.280198553728344,3.080357262029784,3.879643536907687,10.899068654133771,0.0,0.0,0.0,0.47046818727490997,16654,8346,prioridade_dinamica,disciplinas,6
33255.05862972924,0.7488762148415339,2.24100821006942,2.989884424910994,0.7517653262427446,3.3118438752107457,2.3285774148321177,2.9809943766225606,4.309768033498638,3.32124937076241,3.977151273861165,10.80733528331075,0.0,0.0,0.0,0.5954907161803713,16588,8412,prioridade_dinamica_T1,sensibilidade_T,0
33410.555922167994,0.7471865020794919,2.4183603127547957,3.1655468148343067,0.7482665076941276,3.541544669339014,2.6124275310919898,3.231888509504058,4.534667789990331,3.621853867745872,4.230445165984677,12.475318610237082,0.0,0.0,0.0,0.5945767592537045,16668,8332,prioridade_dinamica_T1,sensibilidade_T,1
33510.833070412074,0.7373893070856715,2.200143604612972,2.937532911698637,0.7460274099265352,3.2361973393955936,2.378381345064685,2.9490691697731566,4.225267425595416,3.365512834545893,3.937490368879327,11.435359312908076,0.0,0.0,0.0,0.5759634461612457,16632,8368,prioridade_dinamica_T1,sensibilidade_T,2
33319.94479590134,0.7605321757903363,2.465712662005536,3.226244837795856,0.7503013631365688,3.6414101813138933,2.594988121876344,3.2862963912231598,4.6506957144677505,3.617092111418017,4.299931995736807,12.665389519567725,0.0,0.0,0.0,0.6186122547832404,16516,8484,prioridade_dinamica_T1,sensibilidade_T,3
33082.199264603594,0.7608541986228928,2.375370003283228,3.136224201906121,0.7556934108292138,3.4627261699784486,2.4886665133161094,3.1428060163442693,4.46567688248314,3.5034260673182596,4.149635224750382,11.191015091153531,0.0,0.0,0.0,0.6120176274416389,16789,8211,prioridade_dinamica_T1,sensibilidade_T,4
33583.86708704312,0.7448768395024361,2.1663804118850716,2.911257251387553,0.7444050423140569,3.2453078629733256,2.2464686163284426,2.9102172725089046,4.246017704592327,3.246951765875309,3.9108510634715676,10.697142643020925,0.0,0.0,0.0,0.5950159513633901,16613,8387,prioridade_dinamica_T1,sensibilidade_T,5
33669.48336414395,0.7432404594666931,2.1378801562932845,2.8811206157599587,0.7425121356814033,3.1700469024029205,2.297220827282814,2.8786626454848228,4.1787699693502285,3.2827526183960827,3.8796435369076905,10.759271354789234,0.0,0.0,0.0,0.5806122448979592,16654,8346,prioridade_dinamica_T1,sensibilidade_T,6
33255.05862972924,0.7488762148415339,2.24100821006942,2.989884424910994,0.7517653262427446,3.420588896757741,2.114138230640326,2.9809943766225593,4.415282626221136,3.1131804140243093,3.9771512738611716,10.936158064367191,0.0,0.0,0.0,0.4862551241861587,16588,8412,prioridade_dinamica_T2,sensibilidade_T,0
33410.555922167994,0.7471865020794919,2.4183603127547957,3.1655468148343067,0.7482665076941276,3.644860235304989,2.405746799752474,3.2318885095040475,4.637869247173468,3.4154014087530395,4.230445165984683,12.549458710040213,0.0,0.0,0.0,0.4860519527266183,16668,8332,prioridade_dinamica_T2,sensibilidade_T,1
33510.833070412074,0.7373893070856715,2.200143604612972,2.937532911698637,0.7460274099265352,3.33496329920252,2.1820769182591317,2.9490691697731592,4.327388608599633,3.1625396610604772,3.937490368879343,11.534684065016336,0.0,0.0,0.0,0.46449828653880837,16632,8368,prioridade_dinamica_T2,sensibilidade_T,2
33319.94479590134,0.7605321757903363,2.465712662005536,3.226244837795856,0.7503013631365688,3.7593602888733026,2.365371905887291,3.286296391223158,4.77122028985573,3.3824641190667983,4.299931995736805,12.82290797132464,0.0,0.0,0.0,0.5099903124243158,16516,8484,prioridade_dinamica_T2,sensibilidade_T,3
33082.199264603594,0.7608541986228928,2.375370003283228,3.136224201906121,0.7556934108292138,3.5643832255728025,2.280808724207169,3.142806016344264,4.5679224272871055,3.2943649965943838,4.14963522475041,11.351729032019648,0.0,0.0,0.0,0.5029180562172463,16789,8211,prioridade_dinamica_T2,sensibilidade_T,4
33583.86708704312,0.7448768395024361,2.1663804118850716,2.911257251387553,0.7444050423140569,3.3535142081095235,2.03213309567175,2.910217272508901,4.353949486061815,3.0331601019248295,3.9108510634715405,10.789986818359466,0.0,0.0,0.0,0.48564377294889544,16613,8387,prioridade_dinamica_T2,sensibilidade_T,5
33669.48336414395,0.7432404594666931,2.1378801562932845,2.8811206157599587,0.7425121356814033,3.2752894217787083,2.087214966069716,2.8786626454848214,4.280198553728344,3.080357262029784,3.879643536907687,10.899068654133771,0.0,0.0,0.0,0.47046818727490997,16654,8346,prioridade_dinamica_T2,sensibilidade_T,6
33255.05862972924,0.7488762148415339,2.24100821006942,2.989884424910994,0.7517653262427446,3.5858151358040895,1.7883212010039728,2.980994376622547,4.580510601668395,2.787359960301127,3.9771512738611356,11.248202436216161,0.0,0.0,0.0,0.34181335905473836,16588,8412,prioridade_dinamica_T4,sensibilidade_T,0
33410.555922167994,0.7471865020794919,2.4183603127547957,3.1655468148343067,0.7482665076941276,3.812777890286932,2.0698308764160767,3.2318885095040653,4.805040734451313,3.0809781790426314,4.230445165984684,12.737576156669093,0.0,0.0,0.0,0.3426120343151959,16668,8332,prioridade_dinamica_T4,sensibilidade_T,1
33510.833070412074,0.7373893070856715,2.200143604612972,2.937532911698637,0.7460274099265352,3.4938043390197318,1.8663689624465347,2.9490691697731544,4.483102225781232,2.853047681977703,3.9374903688793292,11.790127132524503,0.0,0.0,0.0,0.31653940960740695,16632,8368,prioridade_dinamica_T4,sensibilidade_T,2
33319.94479590134,0.7605321757903363,2.465712662005536,3.226244837795856,0.7503013631365688,3.9255683971281994,2.041810718247272,3.2862963912231535,4.942850722150429,3.048347167183333,4.2999319957367845,12.990820646573411,0.0,0.0,0.0,0.35741099539840154,16516,8484,prioridade_dinamica_T4,sensibilidade_T,3
33082.199264603594,0.7608541986228928,2.375370003283228,3.136224201906121,0.7556934108292138,3.732146289935907,1.9377842341825307,3.142806016344259,4.739366894922471,2.9438131555116294,4.149635224750387,11.70089190301951,0.0,0.0,0.0,0.3424249642686994,16789,8211,prioridade_dinamica_T4,sensibilidade_T,4
33583.86708704312,0.7448768395024361,2.1663804118850716,2.911257251387553,0.7444050423140569,3.5132343093946017,1.715758940115629,2.9102172725088846,4.5128665463045055,2.71837661297625,3.9108510634715254,11.058222649520758,0.0,0.0,0.0,0.33810871004634924,16613,8387,prioridade_dinamica_T4,sensibilidade_T,5
33669.48336414395,0.7432404594666931,2.1378801562932845,2.8811206157599587,0.7425121356814033,3.4243616837731587,1.789749179914021,2.8786626454848308,4.432661479000906,2.776125587276677,3.8796435369076696,11.251243744967724,0.0,0.0,0.0,0.31998799519807924,16654,8346,prioridade_dinamica_T4,sensibilidade_T,6
33255.05862972924,0.7488762148415339,2.24100821006942,2.989884424910994,0.7517653262427446,3.420588896757741,2.114138230640326,2.9809943766225593,4.415282626221136,3.1131804140243093,3.9771512738611716,10.936158064367191,0.0,0.0,0.0,0.4862551241861587,16588,8412,dinamica_servico_exponencial,distribuicoes_servico,0
33410.555922167994,0.7471865020794919,2.4183603127547957,3.1655468148343067,0.7482665076941276,3.644860235304989,2.405746799752474,3.2318885095040475,4.637869247173468,3.4154014087530395,4.230445165984683,12.549458710040213,0.0,0.0,0.0,0.4860519527266183,16668,8332,dinamica_servico_exponencial,distribuicoes_servico,1
33510.833070412074,0.7373893070856715,2.200143604612972,2.937532911698637,0.7460274099265352,3.33496329920252,2.1820769182591317,2.9490691697731592,4.327388608599633,3.1625396610604772,3.937490368879343,11.534684065016336,0.0,0.0,0.0,0.46449828653880837,16632,8368,dinamica_servico_exponencial,distribuicoes_servico,2
33319.94479590134,0.7605321757903363,2.465712662005536,3.226244837795856,0.7503013631365688,3.7593602888733026,2.365371905887291,3.286296391223158,4.77122028985573,3.3824641190667983,4.299931995736805,12.82290797132464,0.0,0.0,0.0,0.5099903124243158,16516,8484,dinamica_servico_exponencial,distribuicoes_servico,3
33082.199264603594,0.7608541986228928,2.375370003283228,3.136224201906121,0.7556934108292138,3.5643832255728025,2.280808724207169,3.142806016344264,4.5679224272871055,3.2943649965943838,4.14963522475041,11.351729032019648,0.0,0.0,0.0,0.5029180562172463,16789,8211,dinamica_servico_exponencial,distribuicoes_servico,4
33583.86708704312,0.7448768395024361,2.1663804118850716,2.911257251387553,0.7444050423140569,3.3535142081095235,2.03213309567175,2.910217272508901,4.353949486061815,3.0331601019248295,3.9108510634715405,10.789986818359466,0.0,0.0,0.0,0.48564377294889544,16613,8387,dinamica_servico_exponencial,distribuicoes_servico,5
33669.48336414395,0.7432404594666931,2.1378801562932845,2.8811206157599587,0.7425121356814033,3.2752894217787083,2.087214966069716,2.8786626454848214,4.280198553728344,3.080357262029784,3.879643536907687,10.899068654133771,0.0,0.0,0.0,0.47046818727490997,16654,8346,dinamica_servico_exponencial,distribuicoes_servico,6
33256.10505052909,0.7517416715521911,1.1581291885918201,1.9098708601440055,0.751741671552191,1.8456062359677001,0.9391285919711451,1.5405946383157394,2.8456062359676877,1.9391285919711454,2.5405946383157247,5.652355422229448,0.0,0.0,0.0,0.3477815288160116,16588,8412,dinamica_servico_deterministico,distribuicoes_servico,0
33410.415791901265,0.7482696460802514,1.098228804618566,1.846498450698827,0.7482696460802514,1.772248447364095,0.8582782531412068,1.4676404610334972,2.772248447364104,1.8582782531412068,2.4676404610335076,5.322330631723162,0.0,0.0,0.0,0.34255204271402,16668,8332,dinamica_servico_deterministico,distribuicoes_servico,1
33511.23913905049,0.7460183700240322,1.0898565937624372,1.835874963786469,0.7460183700240322,1.7633644194916098,0.8594434618856712,1.4607678397234465,2.7633644194916167,1.8594434618856714,2.460767839723453,5.376564793623402,0.0,0.0,0.0,0.3419502224359745,16631,8369,dinamica_servico_deterministico,distribuicoes_servico,2
33320.9059537985,0.7502797203252531,1.1360143561701725,1.8862940764954423,0.7502797203252531,1.8309820170633997,0.8971973074028583,1.5140928379930059,2.830982017063397,1.8971973074028583,2.5140928379930028,5.449010931301018,0.0,0.0,0.0,0.35266694920385055,16516,8484,dinamica_servico_deterministico,distribuicoes_servico,3
33079.90652222575,0.7557457873468592,1.1075529770542936,1.8632987644011552,0.7557457873468592,1.7739612126739108,0.8339640582538249,1.46522854727618,2.7739612126739113,1.8339640582538248,2.4652285472761735,5.287318259923268,0.0,0.0,0.0,0.3453040319218629,16789,8211,dinamica_servico_deterministico,distribuicoes_servico,4
33584.81022103936,0.7443841378129519,1.078409236875386,1.8227933746883442,0.7443841378129519,1.7645704132050144,0.8231025738048022,1.4487267824430332,2.7645704132050075,1.8231025738048023,2.448726782443026,5.243739592995553,0.0,0.0,0.0,0.3465358454222597,16613,8387,dinamica_servico_deterministico,distribuicoes_servico,5
33666.59600840494,0.7425758159143473,1.0956343864748692,1.8382102023892213,0.7425758159143472,1.7790406164280337,0.8692462870975384,1.475314877524338,2.779040616428026,1.8692462870975388,2.47531487752434,5.424268069273239,0.0,0.0,0.0,0.3399975984630163,16654,8346,dinamica_servico_deterministico,distribuicoes_servico,6
33256.11145268914,0.7486164192952384,1.7151129078132334,2.463729327108433,0.7517415268338133,2.6466330386134023,1.5615355648672724,2.281519440647304,3.6424068964747196,2.5575144428026455,3.277362283663129,8.360648775789741,0.0,0.0,0.0,0.44128285507595855,16588,8412,dinamica_servico_erlang2,distribuicoes_servico,0
33409.47683959312,0.7550386230109033,1.736526627420683,2.491565250431573,0.7482906757274582,2.7112799944650896,1.5392260192515663,2.320657845605928,3.7180546568293584,2.5527312180265684,3.3296756611451777,8.625997825488412,0.0,0.0,0.0,0.447324214062875,16668,8332,dinamica_servico_erlang2,distribuicoes_servico,1
33509.86645864241,0.743885992977505,1.648860262473005,2.3927462554505223,0.7460489295251231,2.5627443378576396,1.5092566353390646,2.210120934070617,3.5606924053439424,2.5046734645334863,3.2072217454758607,8.233634876451106,0.0,0.0,0.0,0.43022906270666744,16632,8368,dinamica_servico_erlang2,distribuicoes_servico,2
33321.72282910107,0.7526900634608469,1.7706516106798773,2.523341674140716,0.7502613273695018,2.7453591865355578,1.6096341814125867,2.3599395487970405,3.74624197356955,2.6174547330635964,3.363176735631448,8.652272252224066,0.0,0.0,0.0,0.4521733866085483,16516,8484,dinamica_servico_erlang2,distribuicoes_servico,3
33083.96731213023,0.7603065659011029,1.710452359647151,2.470758925548247,0.7556530256525116,2.6345374752528015,1.502823380069641,2.2628372978308446,3.6413713567043424,2.5076003302317003,3.268995600769637,8.254877465075424,0.0,0.0,0.0,0.44169842782277274,16789,8211,dinamica_servico_erlang2,distribuicoes_servico,4
33585.36136635953,0.7479039079194818,1.659101120340657,2.4070050282601314,0.744371922257803,2.6018711103223384,1.489987784867384,2.228856492298714,3.6037714511196492,2.5003672594259396,3.233601412890243,8.196868236937007,0.0,0.0,0.0,0.43688677541684223,16613,8387,dinamica_servico_erlang2,distribuicoes_servico,5
33665.26387227272,0.7480350719680473,1.7635000652058526,2.511535137173887,0.7426051996755748,2.7537166574837513,1.6183855292218399,2.3746977136247946,3.7600548682301045,2.6276404443607286,3.38200963696554,8.780346505263424,0.0,0.0,0.0,0.44695286700690484,16654,8346,dinamica_servico_erlang2,distribuicoes_servico,6
33255.05862972924,0.7488762148415339,2.24100821006942,2.989884424910994,0.7517653262427446,3.420588896757741,2.114138230640326,2.9809943766225593,4.415282626221136,3.1131804140243093,3.9771512738611716,10.936158064367191,0.0,0.0,0.0,0.4862551241861587,16588,8412,dinamica_buffer_infinito,armazenamento,0
33410.555922167994,0.7471865020794919,2.4183603127547957,3.1655468148343067,0.7482665076941276,3.644860235304989,2.405746799752474,3.2318885095040475,4.637869247173468,3.4154014087530395,4.230445165984683,12.549458710040213,0.0,0.0,0.0,0.4860519527266183,16668,8332,dinamica_buffer_infinito,armazenamento,1
33510.833070412074,0.7373893070856715,2.200143604612972,2.937532911698637,0.7460274099265352,3.33496329920252,2.1820769182591317,2.9490691697731592,4.327388608599633,3.1625396610604772,3.937490368879343,11.534684065016336,0.0,0.0,0.0,0.46449828653880837,16632,8368,dinamica_buffer_infinito,armazenamento,2
33319.94479590134,0.7605321757903363,2.465712662005536,3.226244837795856,0.7503013631365688,3.7593602888733026,2.365371905887291,3.286296391223158,4.77122028985573,3.3824641190667983,4.299931995736805,12.82290797132464,0.0,0.0,0.0,0.5099903124243158,16516,8484,dinamica_buffer_infinito,armazenamento,3
33082.199264603594,0.7608541986228928,2.375370003283228,3.136224201906121,0.7556934108292138,3.5643832255728025,2.280808724207169,3.142806016344264,4.5679224272871055,3.2943649965943838,4.14963522475041,11.351729032019648,0.0,0.0,0.0,0.5029180562172463,16789,8211,dinamica_buffer_infinito,armazenamento,4
33583.86708704312,0.7448768395024361,2.1663804118850716,2.911257251387553,0.7444050423140569,3.3535142081095235,2.03213309567175,2.910217272508901,4.353949486061815,3.0331601019248295,3.9108510634715405,10.789986818359466,0.0,0.0,0.0,0.48564377294889544,16613,8387,dinamica_buffer_infinito,armazenamento,5
33669.48336414395,0.7432404594666931,2.1378801562932845,2.8811206157599587,0.7425121356814033,3.2752894217787083,2.087214966069716,2.8786626454848214,4.280198553728344,3.080357262029784,3.879643536907687,10.899068654133771,0.0,0.0,0.0,0.47046818727490997,16654,8346,dinamica_buffer_infinito,armazenamento,6
33303.31575407237,0.7477910792687247,2.224350562604115,2.9721416418728155,0.7506760042937457,3.385800743715167,2.126894041277331,2.9621031039426833,4.381164272085349,3.124614857704414,3.9582600011813187,10.977918781161861,0.0013976519447328488,0.0013241047246464039,0.0015426604960246827,0.48677153016332186,16586,8414,dinamica_buffer_20,armazenamento,0
33436.36144777828,0.746609838244667,2.3339164822660594,3.0805263205107036,0.7476890103322278,3.5710451154988094,2.218995330509706,3.1202717171834538,4.562465185390429,3.2318208790726914,4.118828373664107,12.281004649161332,0.0008390267289943665,0.0008989033379277282,0.0007192519779429394,0.4877039347408829,16665,8335,dinamica_buffer_20,armazenamento,1
33564.03783869162,0.736220418306441,2.151569932657723,2.887790350964209,0.7448448282697604,3.3038388084947963,2.062571488905118,2.888560414052856,4.292389738092083,3.050734654002496,3.87698161315906,10.966330760926212,0.0014378145219266715,0.0013205282112845138,0.0016710432084029601,0.475177304964539,16636,8364,dinamica_buffer_20,armazenamento,2
33395.11045480953,0.7588203712376458,2.521372227380102,3.2801925986176985,0.7486125860799339,3.840532789275168,2.4489879622839843,3.3680198278220224,4.847559740006789,3.4754773166615207,4.381655432335669,12.683123853343659,0.0022349044179271263,0.0025974025974025974,0.0015290519877675841,0.513202519379845,16511,8489,dinamica_buffer_20,armazenamento,3
33126.31841217393,0.7598408581649869,2.23939665676034,2.9992375149253414,0.7546869437447806,3.3871772872020345,2.107514868564379,2.966833775927934,4.390108189377744,3.122313483326524,3.973662984334053,10.869159511672478,0.0014376422666826404,0.0015460545876196706,0.0012159533073929961,0.49079864212971236,16788,8212,dinamica_buffer_20,armazenamento,4
33599.54223102985,0.7445293332289487,2.101099210371729,2.84562854360067,0.7440577561474037,3.255904355483166,1.968155519454275,2.82383886601876,4.2640702204967615,2.9538724274728962,3.824472656981385,10.37988212289929,0.0003198976327575176,0.00036105427849320016,0.00023837902264600716,0.47929207801589213,16612,8388,dinamica_buffer_20,armazenamento,5
33683.78743135154,0.7429248369582304,2.1551862967845357,2.898111133742773,0.7421968224609737,3.322847471457529,2.0672770834526504,2.9037380759414937,4.327376661783473,3.061176259089955,3.9047189673643827,10.85425799973018,0.0005197089629807308,0.00054005400540054,0.00047909929332854237,0.48204851104707014,16655,8345,dinamica_buffer_20,armazenamento,6
33809.82071525219,0.7365884202908638,1.7911985249232072,2.527786945214085,0.739430126250923,2.8115739902813126,1.6528923350595466,2.422395995925419,3.8099319052008638,2.644697261766163,3.4185528931640126,8.675301250641496,0.016018576826196472,0.014716354141941609,0.01858345021037868,0.46193688267887256,16603,8397,dinamica_buffer_10,armazenamento,0
33942.836242879195,0.7354693707204026,1.8123758516466066,2.5478452223669934,0.7365324400445382,2.849528343584346,1.685258964630816,2.4605692294635517,3.843837304672442,2.6922825311802883,3.459125885944176,8.876153253953817,0.015281606931862939,0.015376426754982554,0.015092559839641551,0.4625503033215208,16648,8352,dinamica_buffer_10,armazenamento,1
34021.037350641556,0.7263308794194901,1.6860143039815236,2.4123451834010226,0.7348394389722676,2.654291560591037,1.5783895762195206,2.2943808287790817,3.639216061107467,2.5737669602399436,3.2828020278852783,8.470448374016996,0.013689442954079218,0.013752222880853586,0.013564519933946686,0.4338862844091838,16637,8363,dinamica_buffer_10,armazenamento,2
33895.3511848979,0.7476214060921536,1.8968883729732364,2.6445097790653875,0.7375642713841764,2.972227402989532,1.793333572550188,2.5718279024191206,3.982909469105141,2.812711723926744,3.5854635069327667,8.997628073078886,0.01717969886385973,0.01749687555793608,0.01656242761176743,0.47937488642558607,16509,8491,dinamica_buffer_10,armazenamento,3
33507.89343707063,0.7511880822178408,1.7794340692921808,2.530622151509985,0.7460928585961739,2.756250847013758,1.625248508396912,2.384965399292607,3.7661264763929863,2.625844190861585,3.3917946076987224,8.564083645291248,0.013339121512293302,0.012872509257626522,0.014292577468171992,0.45230439442658094,16793,8207,dinamica_buffer_10,armazenamento,4
34011.220278421286,0.7355174136441701,1.7142935091051668,2.4498109227493488,0.7350515446180996,2.7332275839315052,1.5370945527107294,2.332044565260051,3.733366958687704,2.5387080366096004,3.3326783562227162,8.465416359878873,0.012168622338113864,0.011656952539550375,0.013181122749205602,0.45601155373691177,16615,8385,dinamica_buffer_10,armazenamento,5
34125.923295088134,0.7332994940293495,1.747665629495979,2.4809651235253085,0.7325809116964855,2.746610690303882,1.6646550493529317,2.3854106191288125,3.7468369960023993,2.6671416765358957,3.3863915105516718,8.589589143755802,0.014310494362532523,0.014262042845307138,0.014407179971658007,0.4561445638470313,16654,8346,dinamica_buffer_10,armazenamento,6
